CREATE TABLE PAIS (
    ID_PAIS NUMBER(3) NOT NULL,
    NOME VARCHAR2(250) NOT NULL,
    CONSTRAINT PK_PAIS PRIMARY KEY (ID_PAIS)
);

CREATE TABLE ESTADO (
    ID_ESTADO NUMBER(3) NOT NULL,
    ID_PAIS NUMBER(3) NOT NULL,
    NOME VARCHAR2(250) NOT NULL,

    CONSTRAINT PK_ESTADO PRIMARY KEY (ID_ESTADO),
    CONSTRAINT FK_ESTADO_PAIS FOREIGN KEY (ID_PAIS)
        REFERENCES PAIS(ID_PAIS)
);

CREATE TABLE CIDADE (
    ID_CIDADE NUMBER(3) NOT NULL,
    ID_ESTADO NUMBER(3) NOT NULL,
    NOME VARCHAR2(250) NOT NULL,

    CONSTRAINT PK_CIDADE PRIMARY KEY (ID_CIDADE),
    CONSTRAINT FK_CIDADE_ESTADO FOREIGN KEY (ID_ESTADO)
        REFERENCES ESTADO(ID_ESTADO)
);

CREATE TABLE BAIRRO (
    ID_BAIRRO NUMBER(3) NOT NULL,
    ID_CIDADE NUMBER(3) NOT NULL,
    NOME VARCHAR2(250) NOT NULL,

    CONSTRAINT PK_BAIRRO PRIMARY KEY (ID_BAIRRO),
    CONSTRAINT FK_BAIRRO_CIDADE FOREIGN KEY (ID_CIDADE)
        REFERENCES CIDADE(ID_CIDADE)
);

CREATE TABLE ENDERECO (
    ID_ENDERECO NUMBER(4) NOT NULL,
    ID_BAIRRO NUMBER(3) NOT NULL,
    LOGRADOURO VARCHAR2(250) NOT NULL,
    NUMERO NUMBER(6) NOT NULL,
    COMPLEMENTO VARCHAR2(100),
    CEP CHAR(8) NOT NULL,

    CONSTRAINT PK_ENDERECO PRIMARY KEY (ID_ENDERECO),
    CONSTRAINT FK_ENDERECO_BAIRRO FOREIGN KEY (ID_BAIRRO)
        REFERENCES BAIRRO(ID_BAIRRO)
);

INSERT INTO PAIS VALUES (1, 'Brasil');
INSERT INTO PAIS VALUES (2, 'Argentina');

INSERT INTO ESTADO VALUES (10, 1, 'São Paulo');
INSERT INTO ESTADO VALUES (11, 1, 'Rio de Janeiro');
INSERT INTO ESTADO VALUES (20, 2, 'Buenos Aires');
INSERT INTO ESTADO VALUES (21, 2, 'Córdoba');

INSERT INTO CIDADE VALUES (100, 10, 'São Paulo');
INSERT INTO CIDADE VALUES (101, 10, 'Campinas');

INSERT INTO CIDADE VALUES (110, 11, 'Rio de Janeiro');
INSERT INTO CIDADE VALUES (111, 11, 'Niterói');

INSERT INTO CIDADE VALUES (200, 20, 'Buenos Aires');
INSERT INTO CIDADE VALUES (201, 20, 'La Plata');

INSERT INTO CIDADE VALUES (210, 21, 'Córdoba');
INSERT INTO CIDADE VALUES (211, 21, 'Villa Carlos Paz');

INSERT INTO BAIRRO VALUES (1, 100, 'Moema');
INSERT INTO BAIRRO VALUES (2, 100, 'Pinheiros');

INSERT INTO BAIRRO VALUES (3, 101, 'Taquaral');
INSERT INTO BAIRRO VALUES (4, 101, 'Barão Geraldo');

INSERT INTO BAIRRO VALUES (5, 110, 'Copacabana');
INSERT INTO BAIRRO VALUES (6, 110, 'Botafogo');

INSERT INTO BAIRRO VALUES (7, 111, 'Centro');
INSERT INTO BAIRRO VALUES (8, 111, 'Icaraí');

INSERT INTO BAIRRO VALUES (9, 200, 'Palermo');
INSERT INTO BAIRRO VALUES (10, 200, 'Recoleta');

INSERT INTO BAIRRO VALUES (11, 201, 'Tolosa');
INSERT INTO BAIRRO VALUES (12, 201, 'Ringuelet');

INSERT INTO BAIRRO VALUES (13, 210, 'Nueva Córdoba');
INSERT INTO BAIRRO VALUES (14, 210, 'Alberdi');

INSERT INTO BAIRRO VALUES (15, 211, 'Centro Viejo');
INSERT INTO BAIRRO VALUES (16, 211, 'Santa Rita');

INSERT INTO ENDERECO VALUES (1001, 1, 'Rua A', 10, NULL, '01001000');
INSERT INTO ENDERECO VALUES (1002, 1, 'Rua B', 20, NULL, '01002000');

INSERT INTO ENDERECO VALUES (1003, 2, 'Rua C', 30, NULL, '01003000');
INSERT INTO ENDERECO VALUES (1004, 2, 'Rua D', 40, NULL, '01004000');

INSERT INTO ENDERECO VALUES (1005, 3, 'Rua E', 50, NULL, '13001000');
INSERT INTO ENDERECO VALUES (1006, 3, 'Rua F', 60, NULL, '13002000');

INSERT INTO ENDERECO VALUES (1007, 4, 'Rua G', 70, NULL, '13003000');
INSERT INTO ENDERECO VALUES (1008, 4, 'Rua H', 80, NULL, '13004000');

INSERT INTO ENDERECO VALUES (1009, 5, 'Rua I', 90, NULL, '22001000');
INSERT INTO ENDERECO VALUES (1010, 5, 'Rua J', 100, NULL, '22002000');

INSERT INTO ENDERECO VALUES (1011, 6, 'Rua K', 110, NULL, '22003000');
INSERT INTO ENDERECO VALUES (1012, 6, 'Rua L', 120, NULL, '22004000');

INSERT INTO ENDERECO VALUES (1013, 7, 'Rua M', 130, NULL, '24001000');
INSERT INTO ENDERECO VALUES (1014, 7, 'Rua N', 140, NULL, '24002000');

INSERT INTO ENDERECO VALUES (1015, 8, 'Rua O', 150, NULL, '24003000');
INSERT INTO ENDERECO VALUES (1016, 8, 'Rua P', 160, NULL, '24004000');

INSERT INTO ENDERECO VALUES (1017, 9, 'Calle A', 10, NULL, '11001000');
INSERT INTO ENDERECO VALUES (1018, 9, 'Calle B', 20, NULL, '11002000');

INSERT INTO ENDERECO VALUES (1019, 10, 'Calle C', 30, NULL, '11003000');
INSERT INTO ENDERECO VALUES (1020, 10, 'Calle D', 40, NULL, '11004000');

INSERT INTO ENDERECO VALUES (1021, 11, 'Calle E', 50, NULL, '12001000');
INSERT INTO ENDERECO VALUES (1022, 11, 'Calle F', 60, NULL, '12002000');

INSERT INTO ENDERECO VALUES (1023, 12, 'Calle G', 70, NULL, '12003000');
INSERT INTO ENDERECO VALUES (1024, 12, 'Calle H', 80, NULL, '12004000');

INSERT INTO ENDERECO VALUES (1025, 13, 'Calle I', 90, NULL, '50001000');
INSERT INTO ENDERECO VALUES (1026, 13, 'Calle J', 100, NULL, '50002000');

INSERT INTO ENDERECO VALUES (1027, 14, 'Calle K', 110, NULL, '50003000');
INSERT INTO ENDERECO VALUES (1028, 14, 'Calle L', 120, NULL, '50004000');

INSERT INTO ENDERECO VALUES (1029, 15, 'Calle M', 130, NULL, '51001000');
INSERT INTO ENDERECO VALUES (1030, 15, 'Calle N', 140, NULL, '51002000');

INSERT INTO ENDERECO VALUES (1031, 16, 'Calle O', 150, NULL, '51003000');
INSERT INTO ENDERECO VALUES (1032, 16, 'Calle P', 160, NULL, '51004000');
